<?xml version='1.0'?>
<module>
<exporttime>2015-03-31 09:51:18</exporttime>
<name>Alfresco</name>
<label>Alfresco</label>
<parent>Tools</parent>
<type>extension</type>
<version>1.0</version>
<dependencies>
<vtiger_version>6.0.0</vtiger_version>
<vtiger_max_version>6.*</vtiger_max_version>
</dependencies>
<tables>
</tables>
<customlinks>
<customlink>
<linktype>DASHBOARDWIDGET</linktype>
<linklabel>Alfresco</linklabel>
<linkurl><![CDATA[module=Alfresco&view=widget]]></linkurl>
<linkicon><![CDATA[modules/Alfresco/Alfresco/Common/Images/AlfrescoLogo32.png]]></linkicon>
<sequence>0</sequence>
<handler_path><![CDATA[]]></handler_path>
<handler_class><![CDATA[]]></handler_class>
<handler><![CDATA[]]></handler>
</customlink>
<customlink>
<linktype>HEADERSCRIPT</linktype>
<linklabel>City Autofill</linklabel>
<linkurl><![CDATA[modules/CityLookup/js/CityLookupAutofill.js]]></linkurl>
<linkicon><![CDATA[]]></linkicon>
<sequence>0</sequence>
<handler_path><![CDATA[]]></handler_path>
<handler_class><![CDATA[]]></handler_class>
<handler><![CDATA[]]></handler>
</customlink>
<customlink>
<linktype>LISTVIEWSIDEBARWIDGET</linktype>
<linklabel>Alfresco</linklabel>
<linkurl><![CDATA[module=Alfresco&view=widget]]></linkurl>
<linkicon><![CDATA[modules/Alfresco/Alfresco/Common/Images/AlfrescoLogo32.png]]></linkicon>
<sequence>0</sequence>
<handler_path><![CDATA[]]></handler_path>
<handler_class><![CDATA[]]></handler_class>
<handler><![CDATA[]]></handler>
</customlink>
<customlink>
<linktype>selectfromalfrescoVIEWSIDEBARWIDGET</linktype>
<linklabel>Alfresco</linklabel>
<linkurl><![CDATA[module=Alfresco&view=widget]]></linkurl>
<linkicon><![CDATA[modules/Alfresco/Alfresco/Common/Images/AlfrescoLogo32.png]]></linkicon>
<sequence>0</sequence>
<handler_path><![CDATA[]]></handler_path>
<handler_class><![CDATA[]]></handler_class>
<handler><![CDATA[]]></handler>
</customlink>
<customlink>
<linktype>SIDEBARWIDGET</linktype>
<linklabel>Alfresco</linklabel>
<linkurl><![CDATA[module=Alfresco&view=widget]]></linkurl>
<linkicon><![CDATA[modules/Alfresco/Alfresco/Common/Images/AlfrescoLogo32.png]]></linkicon>
<sequence>1</sequence>
<handler_path><![CDATA[]]></handler_path>
<handler_class><![CDATA[]]></handler_class>
<handler><![CDATA[]]></handler>
</customlink>
</customlinks>
<crons>
</crons>
</module>
